-60.8039,666.28,1247.98
-370.391,45.1735,660.005
-336.061,-179.247,271.594
-44.1533,454.561,227.55
-257.924,-31.5787,391.227
0.644695,-31.3419,43.7862
463.728,1132.62,756.486
-28.717,28.6303,34.4896
-209.455,29.8185,149.93
52.9171,72.345,57.6866
152.634,674.55,347.867
-398.37,846.289,687.276
-211.816,-265.514,662.689
-141.729,428.498,316.129
-295.164,125.309,1030.36
-718.864,-161.629,297.378
-101.139,-130.877,720.829
443.62,820.583,1441.42
1.53414,-1.2573,1.84652
-64.5655,-446.388,390.095
251.032,-563.465,257.87
85.2718,-75.535,428.418
-13.7164,-46.0251,61.7904
563.347,-600.096,326.453
-1067.66,-1275.82,658.827
1291.02,826.341,2551.35
-108.929,-972.349,702.947
-2.12109,-192.788,1123.7
-34.8807,43.0671,223.617
-1.23218,1.09071,4.42995
11.5151,45.2181,32.2213
103.679,74.8348,359.529
-9.13707,191.445,576.229
18.9845,13.6274,27.0156
-237.484,-339.88,125.382
-6.59702,-93.8922,67.8028
-2317.96,-944.461,1403.85
-1714.8,255.633,967.031
22.717,-24.7592,120.691
1063.88,-218.838,965.526
98.8967,-330.813,460.687
-282.529,-47.6493,1191.68
214.345,-496.445,740.461
-789.289,-424.227,491.453
-131.44,341.716,566.215
-34.7295,-113.556,848.16
-364.232,-266.517,1131.32
4.99289,54.3257,42.7663
663.355,442.756,313.249
-318.986,-21.7997,518.392
-250.66,1642.69,1172.3
0.120662,-20.9198,26.6249
-1829.54,2228.65,1110.11
-16.1665,23.0456,703.022
-18.5682,66.0831,28.1757
1.41113,-4.62673,11.2233
-772.994,-480.141,1038.47
-10.0534,8.25473,14.3314
-1.22935,0.352759,2.90337
11.073,2.23267,7.25416
2.50504,-24.5785,47.024
-1.26509,1.39819,0.864015
-85.2312,-62.8556,57.2357
104.754,-8.90456,263.057
-243.157,547.374,612.657
-122.35,-318.318,452.703
-146.857,76.0353,206.333
-172.86,-123.987,317.834
2347,-356.289,892.178
456.222,-580.784,303.202
-27.4742,-50.0672,70.0191
3.40817,-35.7699,12.1701
-47.9374,-23.0621,366.235
-105.513,253.846,460.238
-54.044,106.938,173.256
-1.57897,4.29964,6.55608
2.79155,7.19023,4.36131
-911.825,739.018,570.906
-320.304,-318.311,174.905
46.4225,3.62875,176.489
-176.849,-444.83,337.655
24.4821,-5.88632,12.7868
232.347,-989.322,1025.38
468.96,118.611,758.646
-77.0633,-109.479,80.2521
867.882,-746.08,2170.67
-414.045,184.704,722.242
-322.234,23.011,1216.76
60.2878,5.60767,69.8371
6.75759,-39.1532,92.1168
403.526,148.649,677.972
538.654,-83.5576,701.597
135.172,-409.789,744.643
-3.07232,7.21891,10.8047
-410.562,-752.376,744.573
38.6275,454.18,614.544
-46.226,-26.9175,208.128
701.684,-1136.62,709.03
-205.247,-581.051,506.131
-237.017,31.6841,199.692
-0.468122,-0.30413,1.32747
131.285,72.3394,139.477
-100.699,-307.872,641.416
38.2113,456.552,478.169
-44.9163,37.8596,19.0452
173.621,27.7007,433.038
-26.4887,-38.6054,69.4457
846.009,2635.72,1208.21
203.624,133.495,434.219
1247.95,-668.493,686.27
-3.99735,9.57801,17.8678
-100.41,-630.07,690.454
-627.245,-481.322,453.476
-184.841,-610.665,476.745
-375.484,268.138,951.918
-145.129,-200.82,214.684
512.354,-553.583,481.298
196.117,63.1275,592.368
75.5296,-119.246,47.5558
-416.208,1057.05,678.403
137.955,149.107,105.401
124.357,110.602,968.086
-910.191,777.562,548.547
288.372,212.24,174.328
-284.517,331.756,447.06
-48.1361,20.7273,77.7678
13.3034,-11.0952,13.3077
336.541,371.338,530.741
-3.82975,8.2546,71.2874
447.197,-1003.48,751.688
30.2172,38.6539,66.9752
143.56,69.0777,1124.7
10.0594,-47.254,30.9843
337.667,47.6164,261.618
-16.7962,-15.9509,13.8564
-517.071,-46.6873,432.819
-142.576,-152.69,878.239
-56.436,-52.1516,94.1362
118.19,587.089,1027.89
-549.76,-1514.17,2070.47
98.0598,-226.385,288.588
417.222,172.332,239.235
150.918,-187.366,456.14
-153.454,-162.342,180.438
-2462.34,-1303.28,303.731
413.215,-301.915,409.644
-1846.86,-378.392,578.093
-160.939,-25.835,414.715
29.2573,42.5561,29.3235
370.17,-1169.96,1386.94
-2135.8,1846.54,1263.92
-65.8845,321.067,373.968
-57.1083,-148.818,209.794
17.2863,472.581,92.0301
-309.424,-90.2009,344.874
229.134,32.0682,205.115
-2.59715,93.7335,174.29
480.849,-94.1818,350.249
-125.375,-188.183,298.037
47.2075,119.342,180.974
55.9999,-106.969,138.646
84.8282,17.0458,162.256
95.4585,117.279,353.624
-841.529,-351.503,1691.57
-38.5711,5.0859,100.833
169.314,519.645,325.603
-723.045,786.244,2321.86
66.0998,-256.861,300.456
-109.075,165.523,115.571
-86.0031,465.261,967.773
8.46579,8.47026,49.3449
24.367,-93.4386,112.472
-127.351,63.3162,55.9723
1449.43,-1688.82,281.376
135.087,-43.0907,100.755
-204.693,534.409,853.387
-377.692,-71.0419,583.115
346.187,-166.304,210.205
302.243,21.5279,221.793
282.064,-48.7113,770.636
1069.57,387.86,1219.38
179.734,-317.592,655.737
21.7716,-18.6361,25.9507
39.0767,-63.8836,197.355
-65.5051,42.4792,260.429
-34.3779,-19.7693,55.9711
-76.7549,-331.799,1354.01
15.4847,9.04915,56.8125
-52.9398,192.675,350.647
77.6834,-155.262,603.812
17.5995,13.8876,52.9603
-18.6861,48.7247,48.5907
-13.2142,1.21548,20.841
121.761,-5.80846,313.765
486.598,315.856,353.527
0.430089,-37.5459,542.928
-28.0556,14.0772,173.641
656.417,-2482.27,1010.83
49.7795,-40.3353,19.2541
33.3366,-168.773,599.097
-1310.53,-785.594,913.37
-303.349,1014.13,896.737
791.894,119.449,444.126
180.016,-115.626,623.02
-267.182,-170.212,145.143
10.2408,-58.898,374.783
2.64804,1.18166,29.9327
-184.739,354.901,372.293
533.332,-48.2401,1222.06
-173.483,170.765,198.955
-217.095,183.01,322.2
111.721,240.588,217.211
-21.5562,-11.0404,129.583
-566.051,407.834,1687.63
1055.61,-187.492,668.35
-273.3,130.906,290.817
-293.482,-69.1031,292.195
-1088.45,331.114,605.139
0.243118,17.0188,8.54793
326.945,132.182,258.698
-42.4331,-20.5754,552.316
373.928,238.274,816.459
435.593,935.046,450.939
-218.237,134.629,639.001
-140.468,-73.0358,780.382
-24.747,117.657,71.8775
-306.787,419.39,810.566
351.288,407.503,709.893
0.0377085,1.91823,1.17279
-1.5848,-5.06733,66.0146
732.991,241.163,190.513
1068.04,-618.95,999.75
-10.9339,20.4992,1338.78
-1.93656,-80.6723,209.012
-1415.9,1932.02,1580.36
-40.654,-38.1058,32.6605
-1.40708,1.20172,0.771738
55.1038,-145.865,137.556
265.459,149.334,347.489
-240.969,1.90679,107.642
-61.9129,-538.296,364.68
326.727,-316.142,134.082
-24.3589,-13.2808,38.3367
70.8491,-238.843,370.472
-211.561,-650.698,586.063
-38.2072,215.636,782.844
-322.425,-377.532,470.189
-57.4906,91.7141,339.387
-35.3865,9.63473,100.648
-4.94294,18.2967,40.2054
7.39391,101.677,985.886
111.632,400.395,337.098
4.74354,18.0499,10.9609
-1048.27,1235.26,1791.26
130.834,-148.832,517.67
-2.08695,198.714,640.847
95.4186,2522.91,1355.34
-546.764,-2185.92,1286.79
-560.74,237.234,474.271
-262.952,523.788,1214.33
58.7845,182.966,214.88
-274.315,239.204,272.249
10.1648,-2.5212,31.975
-28.7728,-194.833,309.471
175.957,1816.62,2006.45
-10.138,-1.56269,8.89324
-1.14421,2.36206,0.606649
-40.863,-32.8788,26.6251
-11.0819,-0.946502,13.5421
-392.046,272.101,537.568
-601.42,-653.796,809.043
2956.34,-631.063,356.285
7.58747,31.1885,130.815
33.5868,289.247,779.127
547.013,157.16,753.504
-387.864,-64.7182,498.973
313.25,-191.194,171.244
171.377,34.1967,388.3
-4.45959,1.90625,1.90432
264.39,305.291,605.637
88.391,477.893,212.1
1713.45,1171.78,2282.42
-80.1587,-31.7599,261.115
-116.85,-571.502,664.696
-1378.94,366.937,428.847
13.437,-5.40266,13.6699
-109.061,-95.5251,371.401
-546.607,562.279,690.511
-1.88236,34.6063,92.3473
-43.4517,-677.752,340.661
34.7105,-877.494,885.464
113.858,320.789,33.4123
80.5849,173.634,140.076
-504.561,-260.712,623.712
-508.014,-158.735,251.2
25.9701,-178.733,966.946
6.7182,0.811327,20.9524
-55.4731,-19.6459,69.8025
47.9886,33.5001,271.612
-38.53,-438.68,575.412
1640.59,591.113,1927.52
1272.67,-681.839,1753.41
8.02668,15.7625,20.3575
-18.2385,4.04334,26.9094
239.001,-193.909,56.5655
-262.329,70.392,254.36
65.7432,400.479,703.904
77.3181,137.076,112.371
-50.6431,-28.8881,90.3972
-2.32109,-8.17348,12.8852
127.739,-207.922,537.914
1368.38,83.5162,645.118
-140.529,-139.542,242.733
0.710997,-0.563574,1.22873
2117.42,-1190.75,1831.65
-571.718,1614.16,1829.6
34.6984,20.1832,24.1327
506.261,169.18,471.659
0.291296,2.02523,2.14547
-13.6323,-14.5624,86.9269
-457.229,-404.957,784.886
14.314,0.385273,14.4968
587.512,231.877,902.265
-13.4745,8.95048,8.11986
-97.0049,33.0415,170.192
-469.914,822.293,1444.45
-536.98,-391.427,306.732
384.123,-2177.41,155.592
-25.6615,-21.9629,44.1198
1558.93,1041.01,1611.96
616.065,110.35,1233.88
-19.9455,-15.9635,6.29639
271.903,98.1136,561.005
361.674,253.326,909.624
69.0886,-181.774,182.392
110.659,454.544,362.904
186.785,-155.797,374.369
306.907,-411.535,621.507
1553.82,329.932,1270.15
-1.21561,-0.564325,0.537397
-36.0545,-12.994,153.912
95.2247,444.347,1344.19
-299.592,53.1337,140.132
2.19102,-134.522,115.942
-187.945,-1478.68,1574.93
-251.844,236.315,343.581
-919.732,-84.3323,1615.05
318.098,187.271,210.783
-924.885,-541.054,397.346
-5.78582,-50.6952,150.854
-74.2061,-99.8828,11.1719
1.46139,17.7156,14.9143
274.769,-217.343,632.631
10.4037,-6.08359,39.9761
421.17,205.006,181.749
1250.32,-579.843,1281.06
-30.5563,-19.2886,17.8036
392.89,-580.306,386.108
549.891,-677.98,1166
-610.678,-713.895,734.672
-0.0010134,-3.63782,10.4642
4.8948,-2.68745,11.641
-70.5634,-9.45459,86.4175
-509.258,-104.503,897.59
145.712,-171.955,515.995
298.683,9.06978,311.987
18.9317,-124.847,121.052
-77.964,42.5813,342.54
705.98,-209.91,273.91
119.542,53.8793,167.607
-89.4745,144.819,97.7995
-641.655,1560.52,615.244
-23.4562,160.587,49.1857
113.306,6.99675,159.622
294.155,325.278,241.841
12.6579,10.7561,13.5644
-113.648,-48.3175,86.1741
583.968,648.208,586.362
236.023,-196.403,639.223
59.678,-596.153,279.707
430.845,238.48,40.655
-847.852,601.92,1109.69
-31.0182,-11.5237,30.8854
195.537,1129.5,1496.87
315.168,370.069,1072.38
-19.1822,6.85863,38.4151
24.556,-61.253,121.733
96.0448,81.7676,473.172
-546.986,-199.869,585.832
-1.55411,-0.284691,4.6553
-1056.27,-425.687,2253.1
1.48549,2.40942,2.25971
-159.842,-40.2416,336.596
604.562,-169.377,727.518
161.774,-534.214,1488.54
-1533.08,133.191,644.224
590.878,-45.3304,1315.49
-335.563,-203.372,268.805
126.714,33.2927,762.031
-1660.98,257.306,798.751
95.2344,-65.9767,41.6774
182.199,104.582,559.89
-349.374,143.608,79.8394
-39.8242,46.6099,125.158
23.8328,58.9046,26.1499
-88.7751,107.594,126.632
-77.5355,-138.018,158.588
792.177,-108.653,1088.78
-430.282,-117.946,522.97
-16.9821,85.6775,27.6859
-18.3616,-179.161,950.256
1659.41,-208.096,2316.82
132.719,46.8715,122.739
348.555,97.6865,367.679
-21.249,-0.9284,19.4413
-8.16301,-256.951,235.444
-498.848,-47.5083,405.459
-823.176,-551.172,895.529
-2018.65,1550.88,877.422
454.331,-490.364,321.477
129.932,1588.61,569.748
-203.315,-867.203,680.174
219.205,-490.748,401.446
-1724.44,300.739,695.101
-217.996,479.067,563.921
-1030.84,171.487,954.817
-605.768,-612.433,1008.28
226.136,133.805,690.223
923.922,53.0543,810.247
399.934,-432.429,678.61
-135.232,-39.2144,738.629
-67.2775,-22.2364,126.703
-8.75572,-3.58475,3.96289
-7.10016,420.078,1120.04
82.0581,-600.318,795.216
1161.02,-679.501,1486.04
224.608,1826.57,1785.29
-350.861,1250.57,1961.35
332.75,-177.994,322.707
11.0378,174.971,332.293
-18.9388,839.82,779.1
2040.59,1408.29,1651.01
-6.25746,0.964612,22.8634
1456.53,-1316.77,434.275
286.035,1885.02,1552.51
-2.83899,1.59517,1.98706
-184.881,303.461,399.738
-411.864,104.077,635.882
108.776,-372.791,250.689
5.05874,-19.524,85.4752
-383.436,-169.672,590.334
-32.945,-48.2062,82.6243
2.40681,0.22472,7.64898
-241.137,1082.98,113.384
791.123,2560.16,1374.55
171.131,-75.0316,594.903
-225.083,123,410.309
15.7695,1558.76,1067.95
-21.2361,24.6419,11.6245
491.407,-280.348,441.28
-11.2267,-56.6503,65.1471
-261.98,739.149,927.945
-302.063,-172.512,156.636
417.624,289.502,403.239
-2543.35,817.592,758.703
-245.032,-315.983,407.179
338.176,-135.567,108.947
-146.63,471.476,800.114
1044.94,75.2996,1493.64
58.3722,-8.91512,1149.33
-8.70318,-100.957,179.585
-3.20338,-7.99777,48.4655
-186.045,87.8846,250.07
-8.3122,3.80678,10.7034
-69.0718,-269.43,358.789
28.0086,-19.3774,16.6704
-43.3548,-282.429,460.901
321.308,-308.611,365.294
60.7358,106.907,219.492
378.508,16.2855,651.494
147.349,-145.223,83.3568
-27.769,-141.396,345.081
128.358,59.298,224.896
-1012.44,131.908,364.66
182.832,-172.904,749.323
-1331.89,-1878.63,1286.19
472.903,234.823,703.782
-0.282546,108.644,235.528
-40.5241,-105.551,119.621
314.465,84.3014,396.955
20.0272,-286.959,156.554
-228.04,193.371,232.326
183.739,-38.92,175.348
-219.2,86.92,452.857
-3.48714,5.65434,7.39184
16.4818,35.8195,67.9625
-44.3581,66.2956,32.8071
299.744,272.642,225.249
582.319,49.8554,679.59
195.269,88.0005,699.924
566.947,547.612,1284.42
503.866,1156.62,1364.42
1944.71,1645.5,1833.85
-2415.95,-522.396,1765.31
686.781,-267.747,438.308
-95.5198,150.299,168.797
-474.928,447.293,542.013
168.647,396.765,262.171
581.104,414.017,717.586
1549.04,930.551,1360.61
-54.7871,-0.720747,401.272
13.1671,-18.4151,7.22985
-2060.53,194.837,931.43
-1.58886,0.538613,0.174438
551.141,208.196,3026.72
872.562,-1343.92,678.819
64.8216,-547.457,435.929
10.2123,-11.3802,28.657
100.293,55.9621,682.065
-21.0673,277.37,443.221
-226.138,-252.825,427.263
49.5427,-79.5411,86.377
-40.3824,-178.583,361.614
81.613,-221.102,38.0596
-15.3602,-16.1822,16.0128
0.997118,-2.46277,9.50653
-57.4067,63.5301,39.9864
-202.047,192.584,110.273
44.9489,-108.919,78.6598
-1.24858,-10.6131,22.7411
-23.4701,141.199,1093.85
1.36845,21.0456,37.6247
130.954,79.8184,334.684
236.115,744.56,389.321
5.74951,-6.17617,35.7588
50.8661,320.651,265.519
-12.041,4.67202,4.09068
173.624,-139.8,2397.95
-15.0674,3.18022,47.9754
-270.442,-40.081,586.888
-0.923771,-9.49141,10.7902
-149.414,182.448,354.15
407.899,-446.599,638.587
6.05962,-15.5825,12.7444
-362.303,-655.837,288.143
153.361,-115.716,82.242
-54.1456,-181.594,327.461
285.785,-219.139,209.667
-429.415,1749.38,2028.24
-24.8212,-39.4932,150.89
-839.434,409.588,311.112
-2746.39,257.942,577.972
613.109,-1011.26,556.788
276.712,-556.845,899.054
-267.502,4.33275,378.821
654.647,-1643.67,1501.34
102.193,-120.178,177.584
0.251236,-21.3152,7.8623
823.064,1444.66,998.413
-267.062,33.344,574.292
815.425,123.955,794.993
-166.624,239.236,256.5
145.052,-951.023,435.784
3.73849,-2.32229,9.32486
77.4819,-91.9823,144.232
141.191,-3.79809,80.8301
-568.594,172.441,719.091
-2.59077,9.83371,7.8142
610.274,374.86,433.606
980.928,-758.824,445.33
35.5238,-59.7565,38.8124
-931.168,1872.38,1601.83
-1.37265,1.13777,7.15231
-176.087,131.623,539.031
0.475177,-12.7484,9.82796
92.2585,-4.02678,93.1266
-9.36896,303.577,129.039
427.327,-333.099,321.677
-141.663,-100.828,122.823
-107.526,330.883,237.786
-823.397,-2121.23,1954.55
246.704,-268.847,1139.34
-41.6683,-27.7995,19.8102
-443.861,0.687397,209.713
-430.653,-86.9417,836.643
-96.6123,67.7131,96.0388
-235.215,-248.444,351.602
-93.0943,47.6298,43.992
-338.71,89.265,81.8307
-146.73,17.2432,97.9498
-2.4784,12.2602,9.77542
-1.96652,-3.99925,13.2021
164.131,-120.332,266.451
223.656,48.9596,275.288
-878.506,-1788.8,2108.36
9.76319,6.95207,6.98367
53.5372,149.882,426.718
115.809,-26.3444,101.218
-336.608,182.699,318.756
-92.9338,-839.457,1150.32
-8.65284,-4.72835,37.2078
252.343,-58.5807,21.3866
-16.9765,-25.0822,17.5573
-1699.96,-1175.01,1701.6
-356.92,-1310.29,1226.67
-31.3433,138.65,159.447
-122.068,-654.363,462.227
658.562,409.083,407.581
1522.22,2518.82,350.913
216.788,-518.485,826.862
132.854,-137.768,602.407
197.708,25.142,328.157
25.2832,-11.4156,63.2844
-81.9608,-89.0395,233.816
-358.438,-353.56,1932.56
-2.03616,-4.12772,36.0744
15.5623,145.441,288.977
-5.94061,27.5206,103.576
-15.0311,-22.7071,86.8687
-701.148,34.8641,220.99
59.9515,129.565,184.406
48.6804,-126.452,150.547
-230.208,-2697.58,1384.02
-276.945,-9.59702,227.763
-1322.1,1231.57,1165.99
0.131908,-0.985883,1.30845
179.551,-675.621,819.693
6.19113,100.406,137.779
-17.7456,6.32996,7.22256
-57.4699,680.998,685.822
-69.3012,93.9061,1132.38
-229.083,-1155.74,669.057
-191.026,-64.3529,149.406
-74.6624,96.2204,63.9966
477.351,-1508.45,404.296
0.125246,17.731,5.43661
3.69505,-3.5986,4.08288
988.589,400.548,2660.22
702.622,312.32,666.326
-138.212,166.444,152.713
-323.267,441.979,163.448
-19.3328,-107.505,336.183
-54.0457,-42.738,172.497
-96.7103,-228.37,451.51
-566.866,-370.374,310.791
-389.825,148.403,479.163
199.61,244.398,109.604
-121.783,-307.621,581.679
-69.0656,-62.4712,81.4502
7.51582,-0.339379,14.3765
120.646,-198.457,390.606
-1234.88,2077.33,477.594
94.5907,24.9171,61.5196
159.618,4.27852,34.5811
95.9587,-223.356,785.785
128.843,890.958,587.933
-36.8051,52.7504,37.6826
-248.761,359.624,580.538
729.239,-860.574,1380.92
-109.994,-413.628,796.989
395.584,-110.816,730.631
728.263,-415.086,278.589
-189.028,178.432,218.747
63.8388,-89.4767,157.518
-451.658,-75.9347,405.241
-90.2318,33.6037,89.6841
-463.01,-74.4823,485.561
-99.339,-101.644,146.209
-1756.12,1909.61,1552.17
-543.444,484.891,674.026
399.387,572.477,897.955
261.359,-280.757,553.376
4.41773,130.413,129.243
-587.006,1380.68,2330.62
659.358,1694.25,574.74
28.6361,-12.5421,20.9699
-12.2474,-4.02013,8.05345
15.9669,-2.53009,60.6244
-56.0991,171.949,383.147
7.12512,41.0187,29.0956
127.048,178.366,46.1063
70.0999,-46.8496,187.332
37.5059,194.185,61.8421
-106.77,-598.819,457.047
-61.427,9.50905,52.4115
-23.467,-77.6986,168.832
-2.06327,0.248574,0.856458
493.166,758.68,919.285
-479.763,1689.55,2313.07
-86.2087,-72.2245,57.4083
-8.50207,104.374,58.9065
49.0553,1.85292,60.8941
-118.843,-199.818,1039.47
22.9044,2.31091,25.8876
-850.984,67.6818,966.391
-477.726,-307.898,90.1361
-138.079,64.3679,712.162
845.893,803.115,1572.01
6.13904,172.85,106.242
81.7179,34.8003,79.8886
15.9264,67.4062,68.0093
-3.91506,-4.68218,2.97144
-1321.79,-50.7899,2724.49
714.676,820.291,646.89
-161.294,-94.225,587.314
-568.226,-102.951,345.783
-47.3231,10.214,22.4247
-36.5342,-133.471,108.607
-1336.24,-523.357,1933.32
-259.457,-264.912,277.545
1312.67,208.85,829.359
627.876,419.559,1913.15
4.39601,402.61,372.03
159.137,-522.341,1640.97
340.535,-382.61,411.376
216.682,6.79439,535.689
497.429,202,566.472
2.8381,484.174,471.415
-29.0174,17.9146,42.3046
23.4321,19.5301,75.689
13.6401,40.4677,437.283
0.853239,-6.17851,5.2749
533.04,-1375.63,450.811
-628.392,9.52802,1047.62
-180.971,-104.812,429.06
-21.4835,-111.456,118.305
94.1481,156.207,279.923
-7.71084,-20.042,11.0785
143.28,2.98568,94.8273
48.1992,-59.0793,218.607
-392.913,286.08,820.725
19.7043,62.8034,166.957
258.092,-669.302,476.627
4.05698,-94.3082,249.685
109.895,772.406,416.922
-575.01,-70.4584,451.219
-1630.6,1000.13,662.873
199.244,-7.91046,151.496
18.086,-35.9176,744.212
43.2015,226.583,125.479
-2.23516,41.9229,118.231
1.05071,-5.27611,59.0454
-1056.97,569.364,375.944
520.402,-693.757,1516.89
-257.593,-2439.26,1940.38
18.095,-18.5921,11.8255
2.06257,-0.534077,0.671669
65.2866,-568.51,1633.94
32.022,3.06605,46.9884
-8.19692,-8.59723,11.5353
-1029.9,-235.279,688.165
1042.63,-48.5571,994.707
-1784.31,-897.291,1985.37
210.914,-227.485,173.111
107.753,66.1287,759.059
-3.4345,3.11351,7.47393
-2.08376,8.76716,255.884
-6.44898,-37.3448,22.7544
1683.59,145.05,1244.67
126.642,-117.787,69.3969
43.6176,-18.3775,207.307
340.553,-115.023,1533.99
2.8606,0.227288,47.3193
421.813,711.285,798.785
37.2953,-46.1075,204.934
-951.394,-330.21,1044.85
-58.7347,-59.2328,150.983
-173.732,-137.384,417.526
-795.933,2171.35,531.913
-41.5343,-131.64,96.359
-516.732,375.936,912.831
-285.351,723.173,640.448
-1031.22,1008.9,1589.32
-175.204,-195.685,185.38
-137.891,-49.9827,122.176
555.823,697.071,986.586
32.579,-27.2532,25.4549
-5.6887,-116.06,599.85
-14.9311,92.992,86.9629
344.811,-186.837,356.943
-60.0815,296.795,295.29
16.7066,24.6291,49.167
-637.293,1322.5,1100.87
-90.8963,94.4872,473.063
174.308,-32.1051,117.843
-118.6,-538.602,1366.16
-127.205,-649.324,552.756
1233.9,-945.006,1487.59
772.766,-675.453,751.904
-68.8024,-65.8788,57.6437
-666.558,71.1857,706.671
-285.42,2406.87,814.104
-138.379,-71.4135,270.1
-116.554,184.024,146.436
7.75837,-18.7421,14.5404
187.761,315.215,555.066
-3.68603,127.494,241.872
-217.735,-152.041,783.085
-42.1187,2.55374,227.907
136.683,-33.8424,588.005
655.404,-508.031,487.363
-8.01713,-4.54638,13.5419
-686.479,-611.634,718.894
-2.24537,-11.1238,11.0944
72.4175,-107.216,120.108
962.21,-7.70339,676.48
199.492,-1202.03,633.108
-308.963,117.777,156.44
-19.3285,13.0011,13.4506
1.79007,0.156551,14.4378
163.417,-357.555,3072.34
1115.25,-2103.08,1302.99
-148.192,19.273,80.6913
-248.075,-120.346,480.576
153.801,2771.62,824.598
-1147.6,-1194.09,1095.9
-1125.13,1837.5,396.549
-143.29,95.9993,474.277
-177.962,33.9671,52.5197
-1.78661,1.0276,5.09254
1315.67,-150.109,465.658
-25.0891,10.4807,18.885
-35.1496,-672.503,1584.69
-315.602,559.16,211.887
481.417,-690.608,985.659
-51.2088,-481.009,622.006
-1.5648,4.0937,1.58683
-25.8475,-37.8408,49.0603
-0.526535,-1.41177,0.789206
130.381,145.764,378.962
436.728,-228.827,683.238
175.661,15.334,403.515
666.451,578.967,1079.03
-195.093,489.927,922.49
76.7536,40.5246,82.623
67.2112,224.234,696.476
38.7749,61.1678,486.604
-975.444,-890.643,1252.91
490.082,229.324,1150.82
-180.641,-408.804,1187.66
-17.7801,-12.4291,41.6985
19.6276,-22.6169,35.0449
-73.6237,-788.424,1338.89
-329.498,4.74977,157.515
5.07741,-447.22,890.507
-79.3215,-14.7604,120.209
-12.1968,-11.8523,21.5048
37.7774,527.352,275.631
149.774,-477.637,472.671
36.0716,-130.889,476.115
21.1942,45.806,114.28
268.2,-30.0198,258.807
1312.86,-423.463,568.655
-177.824,-539.32,119.782
20.4999,105.104,95.3927
-37.5709,492.024,410.22
19.2087,-102.337,489.062
70.086,75.6231,172.311
-442.325,181.647,1454.27
-8.46505,-7.81688,29.0768
-268.029,-1075.86,629.659
-236.065,299.245,888.887
-387.312,291.505,690.284
-14.6682,10.5638,1.70668
-672.348,-387.309,256.497
126.264,-11.4949,138.81
139.178,-101.081,368.219
-721.166,-798.992,348.972
1104.17,-1281.47,489.55
7.68715,-53.3733,98.3885
1075.86,2201.82,1149.26
1011.68,-511.601,1087.86
-269.089,-48.2319,937.135
0.0983627,4.81028,2.38586
93.4835,124.387,136.435
14.144,17.0921,38.3653
-459.651,-1138.85,602.682
-76.7362,-910.965,1838.16
-92.2692,-128.576,783.965
-807.292,231.324,1252.47
776.225,-605.943,1070.26
420.507,231.602,595.539
33.159,-11.2137,23.1489
-1752.89,2018.56,1300.89
-269.861,-1622.35,533.702
2.23701,-0.391734,24.1979
-160.549,-177.138,237.611
-995.634,-908.717,746.628
-306.337,28.6865,793.574
-23.2016,-13.3323,23.2566
-437.971,122.449,847.11
-159.439,-25.78,589.495
122.138,109.322,67.2041
-162.173,6.15741,554.628
75.4691,3.29241,81.8063
28.2367,-15.2763,21.8487
1221.22,1057.35,246.485
100.485,360.789,943.691
8.30829,6.61865,21.3626
-188.67,-63.6874,69.4497
-939.414,81.1818,1034.65
-289.611,-219.136,1002.02
-20.8258,-106.614,47.858
-63.654,-64.088,323.127
-553.154,-770.028,539.758
346.112,-880.667,614.338
29.5178,135.04,238.166
-5.82498,-12.1061,76.0965
-313.627,-596.46,630.057
149.426,-166.65,286.287
2.93701,-5.36601,49.5764
146.819,187.41,1174.69
-2.07493,-55.427,236.142
-758.252,257.183,685.474
18.5597,-18.4115,63.7545
133.45,123.692,362.824
-116.9,31.7034,113.51
97.4171,997.784,1363.68
-30.7807,-305.781,198.314
180.579,-36.0759,258.862
821.057,-775.785,384.908
-14.6144,16.0466,29.4665
-35.2661,-3.72897,108.297
0.091747,-50.3419,18.583
-22.3225,-10.4464,676.197
-326.038,1199.49,946.388
-401.922,-122.924,351.057
-107.434,6.00717,198.844
2.32428,2.66961,2.78971
640.664,-12.1141,1474.88
-126.127,-6.57373,670.463
-146.316,258.522,123.523
-98.1319,64.5629,1069.5
-3.6831,7.71914,14.1988
483.769,335.152,533.617
818.494,-453.93,899.411
204.142,426.57,127.056
158.747,119.913,211.699
-52.8197,-18.2503,913.562
64.117,277.761,1076.47
-58.5542,1118.92,1308.72
-1409.29,573.787,1437.52
-796.411,414.96,492.318
4.67156,-57.6942,74.1337
-27.9333,8.1214,158.197
-3.83913,3.35066,1.54132
-602.568,150.448,1237.51
-481.455,-357.795,780.757
152.926,55.3065,1063.07
278.82,-41.9555,307.278
-1.79509,6.27672,8.82715
-251.43,-327.243,484.816
-2.07085,133.127,585.764
159.646,-24.5927,180.28
-850.524,293.781,845.664
21.8569,15.7116,11.3304
1143.55,319.265,802.933
1005.77,-449.567,383.89
-131.966,403.506,503.861
-1147.4,-2218.38,353.146
-248.8,-173.759,480.012
632.294,-1286.38,916.476
-414.314,-275.581,243.474
32.3946,-334.009,313.371
-2307.68,-576.583,1030
600.446,1582.88,801.399
-225.828,636.219,971.187
-126.627,130.636,116.74
-39.0395,28.6949,53.1582
107.297,-43.236,341.227
-105.528,303.15,220.903
76.9753,807.451,889.905
-47.2809,-7.74765,56.9646
0.814353,0.549722,2.05936
-1075.35,334.295,900.79
89.5652,196.214,158.78
-82.2239,92.8466,23.4193
2374.3,-222.542,940.763
454.157,246.618,989.757
-56.0876,274.071,342.698
-267.615,-479.054,730.455
-0.515272,-0.132429,5.78066
-0.290852,11.4588,15.6992
-103.252,-148.038,612.251
-578.333,-738.234,1293.42
-828.599,-1129.82,1038.38
-372.897,120.633,322.775
-455.836,118.246,825.436
-66.6055,521.544,453.597
20.4638,33.7561,27.7119
-73.1576,-1016.6,256.049
-718.604,-2413.74,1814.77
-88.5461,312.059,575.283
610.749,-153.782,646.225
-211.523,-199.635,968.334
10.0343,102.711,34.1921
130.703,-145.004,38.7485
232.306,-710.727,392.042
932.905,1286.97,1276.1
401.853,7.09033,431.183
148.201,-84.4696,221.472
-6.83679,3.76772,2.96866
448.025,626.843,265.795
11.7186,77.3405,212.363
-113.24,-487.244,297.637
72.3933,2.84366,411.137
-294.067,-85.8994,198.06
71.2017,-10.1122,234.677
-429.009,423.453,205.516
193.625,-830.717,908.724
443.314,480.372,231.182
458.44,58.7481,508.147
434.107,-244.17,313.115
-40.8409,-20.4547,631.301
118.738,-11.3114,90.2049
163.759,-128.03,494.094
-23.4499,-53.0859,177.823
410.186,-48.247,899.292
29.8148,-12.7823,38.4204
-551.895,-12.5686,1516.88
-37.3265,179.172,477.513
182.69,28.0261,484.341
494.641,1117.91,1174.97
-642.011,-65.6612,193.61
2.70939,-19.664,38.4269
-476.232,-191.699,800.356
-36.8228,82.7242,139.815
-1337.22,2717.74,902.138
-9.88965,13.092,165.557
-572.053,-93.6306,351.44
-8.40197,43.5647,31.8855
-236.686,319.767,893.145
-3.54389,-3.50132,9.33212
85.1161,-235.686,886.671
-224.239,33.5125,220.162
-64.1908,128.188,312.556
1237.86,56.0379,683.107
96.0262,96.0859,495.486
-193.511,-618.03,385.892
343.922,-338.145,243.645
40.655,-192.438,197.377
84.24,88.9284,119.174
821.473,-1944.54,1563.36
67.8468,122.114,220.918
-61.3684,61.6205,137.387
2.21433,0.492999,2.79817
-7.40173,22.3907,641.527
-14.2083,-36.4764,29.8577
1.43124,-76.7637,69.2066
213.113,56.5724,62.0025
275.487,-581.272,364.734
24.4846,-37.5058,582.77
-169.483,539.134,960.763
452.523,-522.963,1228.64
4.67276,1.02183,1.00191
-371.884,193.485,489.212
199.181,-395.533,511.889
-1890.49,680.942,1889.34
-40.8307,32.7937,85.3914
772.965,-1976.35,1837.65
202.555,323.093,634.345
-443.969,-122.29,176.403
220.491,-981.118,723.2
438.749,582.923,598.747
-235.464,63.08,188.243
-52.4895,70.5121,915.651
-52.2959,75.3803,210.801
429.675,-325.595,497.931
-31.6276,-140.376,112.815
1.04416,0.451657,1.75674
-9.18357,14.3432,5.24367
-905.874,425.175,530.828
121.245,-854.944,1307.92
-814.396,-51.7262,862.637
48.1368,-21.7799,38.212
-97.5907,30.5732,69.2656
142.135,-168.78,126.828
-984.28,1591.78,1848.84
-156.043,-414.761,370.379
144.28,560.535,291.389
-165.197,-26.338,105.129
-1119.7,-104.011,725.449
-47.2611,46.4753,277.096
8.61823,-27.2315,47.5758
-96.0797,78.1296,96.2416
15.6029,10.7446,133.598
45.2777,705.316,914.907
-14.2787,-36.1509,152.469
222.036,-418.18,2336.4
309.932,77.6912,794.431
-7.79928,-10.8563,55.8777
93.7233,-314.966,444.479
190.112,122.889,1037.18
-9.62882,25.5526,22.551
17.6791,3.92212,23.6695
53.6057,29.1823,28.9913
930.518,142.595,2891.16
-644.342,837.134,795.313
48.0556,34.3203,48.5808
-381.654,216.338,703.334
909.909,389.748,769.395
198.727,321.483,492.481
120.684,1463.91,340.731
153.685,226.018,420.818
-349.264,1961.3,760.58
735.92,684.542,1153.48
14.5788,-40.9918,375.439
-13.3505,-4.55878,19.7049
43.1977,-67.482,405.793
-43.6981,-22.8717,19.729
761.926,2070,893.886
-101.751,43.0845,331.954
-1057.43,164.714,664.419
-2053.84,-282.685,2224.53
418.214,-117.922,132.224
-270.348,34.5236,705.119
406.972,1099.68,1044.83
-74.7084,353.931,266.967
13.1371,11.731,15.17
-54.3985,1607.63,1213.03
-22.1881,-10.0413,18.1476
-3.38991,-201.123,497.266
-487.998,150.138,653.474
260.533,451.236,134.82
6.46713,136.317,63.2117
238.816,-691.403,467.859
-1916.05,140.249,2042.26
-4.96024,1.80171,6.51004
-35.6279,-41.9697,289.596
-3.11471,-103.284,304.037
344.534,-475.126,984.27
-171.652,294.166,593.345
48.9006,-87.4897,310.615
27.0809,0.923281,47.0911
-1767.4,-334.573,519.285
-95.1916,-71.6066,74.5543
87.1784,-386.376,266.72
-166.542,-954.028,379.141
-1001.18,-1269.09,666.377
-759.727,-1562.93,1550.18
-132.066,-274.04,78.4144
54.7328,63.7818,191.77
223.238,-107.031,727.098
-13.0829,-38.2222,57.238
111.649,-102.602,57.9285
10.9596,26.324,43.9946
-1047.08,-350.146,1332.61
8.24506,9.87904,4.26848
108.745,54.7778,99.2386
-130.625,-263.582,569.591
-226.415,-22.0868,59.8553
-1035.58,-1242.69,423.343
250.017,548.357,562.451
685.263,-15.9542,376.578
77.8444,586.142,629.264
197.994,-152.245,400.927
-23.5353,-352.323,1268.09
0.823903,11.0264,6.26196
10.9398,22.5207,11.2543
76.7035,84.5673,104.885
-191.67,-24.3035,41.0719
659.164,-663.185,1286.97
-1025.95,-403.845,1255.68
14.0517,11.5633,34.4631
-84.4095,-85.7565,63.6699
-150.525,-192.494,624.023
932.072,-514.103,428.758
-1767.46,-239.468,1119.33
-70.0506,36.4236,137.03
32.7047,364.217,451.156
-9.85214,-1.01444,5.3782
-151.692,-210.806,1423.28
87.5436,40.7849,224.564
167.61,29.5438,823.745
-344.147,530.037,672.361
-695.959,-485.858,170.184
1337.72,1430.64,2075.2
136.277,6.88593,119.252
125.506,78.3291,514.088
20.8611,0.0802161,636.789
432.678,1624.21,1260.95
81.1187,-10.6173,161.885
-464.416,277.834,448.32
39.6825,63.8179,351.879
-0.371765,24.7035,3.15667
139.2,27.3991,71.1829
-178.029,197.266,150.207
-23.4655,44.5196,96.7577
-739.382,-110.865,645.323
100.476,-60.7437,68.9322
-352.641,588.855,1066.41
72.1601,-15.8622,32.3122
303.011,-278.444,531.376
249.82,-205.206,801.553
147.733,315.876,709.158
-886.614,-1072.2,986.61
-442.835,-106.676,555.279
-112.631,-748.161,474.339
-54.4093,-3.38221,833.131
-132.078,-14.0765,128.112
221.878,-114.483,593.125
-8.98871,-56.8121,289.789
-33.1796,48.0154,36.6401
-243.994,-140.332,176.803
208.186,188.612,151.893
-7.52721,-264.236,121.527
38.6135,47.5619,25.8961
-1338.68,-192.94,1537.81
394.973,-81.3205,363.097
1627.97,1750.48,1282.31
-84.2064,-181.854,819.397
2.67026,-5.74358,63.8266
55.9424,-212.296,430.975
-34.2835,18.7199,16.3699
-328.11,-64.5716,260.211
-190.529,-205.874,538.845
-3.72774,93.2572,102.075
-798.959,27.2363,871.19
-255.189,2317.08,1024.72
-116.721,-52.5371,28.1787
-261.317,-0.134707,282.906
-67.5107,-564.161,347.493
-27.5746,-58.1178,138.294
461.047,-780.776,607.29
-431.85,-295.634,383.557
-42.5168,11.248,11.1001
28.1021,-58.2914,22.786
-124.234,-229.172,494.725
78.6747,-197.229,370.616
22.9109,3.14609,18.9856
758.547,-407.547,718.344
7.97435,9.40663,16.5012
-207.189,382.914,365.995
-353.136,-134.211,616.946
-0.992709,125.636,354.593
82.3584,110.901,200.656
391.401,3.99245,157.591
52.3726,288.381,702.67
-7.33326,-50.1164,833.713
-166.2,-43.3931,262.832
-2585.67,553.944,399.801
1342.21,477.567,769.351
354.607,-917.033,1278.47
4.48311,3.94474,13.0961
-0.0524052,-3.52393,21.3963
37.2911,87.4029,62.1695
-64.0138,127.969,126.236
-39.6592,-31.0471,16.1421
40.8678,-28.9054,143.264
196.643,-449.918,1299.85
561.15,661.384,952.327
-347.297,1088.52,865.41
-403.942,-233.645,1129.25
-934.956,-691.131,1569.37
53.7073,-29.4663,216.078
-13.7482,26.8384,330.804
252.896,572.256,732.692
1198.83,-1209.68,1089.14
-2724.08,-233.774,1414.63
46.5048,-261.187,523.105
70.4944,-56.3685,47.8485
-85.4247,-287.098,39.8824
0.132234,66.9671,97.1358
1732.63,496.121,733.05
-143.665,-36.5124,426.336
401.421,-291.985,227.687
-1004.39,-944.825,931.168
-13.4586,114.145,352.106
-63.0218,-15.1636,18.388
31.246,390.249,383.037
8.62337,385.913,373.487
17.379,188.816,171.68
375.763,-260.545,798.734
-212.7,343.827,1405.66
-1044.12,1076.32,806.687
-2482.52,-661.475,964.364
234.058,85.3193,330.128
-3.95277,-203.753,104.728
62.158,-287.493,791.964
0.0741394,0.0577666,1.30793
1.00562,62.2655,430.078
455.015,753.335,369.613
81.3298,11.992,572.113
-13.2946,-25.9001,35.0642
-197.203,-0.613489,536.683
546.645,-633.217,754.36
-1440.58,273.968,222.025
-84.4826,15.0579,206.32
35.4712,21.0767,41.3645
73.9627,1069.42,2535.28
9.15194,-10.6318,15.1294
-207.287,-70.2045,36.8026
28.6169,-46.1055,170.973
-42.5809,-1187.04,377.156
-766.686,-292.754,722.669
-9.55718,23.4126,5.86401
-1460.81,71.4493,1886.33
-141.482,68.5718,81.0499
-88.4812,-187.815,247.684
9.17801,0.858136,6.95695
83.1791,-4.76306,74.2457
-53.6551,-58.9486,50.461
184.043,187.616,586.293
71.2114,-125.14,756.206
1.49077,26.1013,45.24
10.7607,-149.453,42.9624
-33.4282,-157.329,196.006
313.198,-41.0088,342.47
235.563,-32.2654,192.417
-11.5279,951.586,1501.29
80.9525,-2279.24,1384.18
-278.339,-417.776,803.397
462.403,6.24374,1180.35
-94.4975,-30.3953,207.596
27.3989,-8.7661,49.0504
-686.75,95.7881,1117.66
-15.8305,3.22376,6.3734
43.561,-107.27,220.543
245.487,-19.2163,469.398
39.4893,81.4492,135.941
46.9974,-95.2685,358.036
46.898,11.4007,38.8181
-345.477,-70.7546,984.252
-1806.66,-713.785,1692.8
-1981.39,1181.29,1925.86
297.961,-827.109,508.11
-1939.25,-1651.02,1134.81
-338.922,101.876,737.432
32.5507,3.79392,103.299
208.742,535.369,483.109
-653.412,522.898,442.757
-1461.88,517.499,1144.58
-1566.42,423.364,2374.33
77.6022,579.801,752.461
493.938,-302.362,591.548
176.91,-170.937,116.567
-451.429,52.9693,782.457
-39.1533,191.488,157.289
77.0419,12.9343,172.087
-57.4998,-31.8583,17.4577
444.293,56.6478,235.958
869.521,-817.178,928.939
-0.615863,0.628093,6.61155
-6.98858,51.7397,49.4767
6.83239,27.3201,13.3836
11.5887,-0.666301,334.725
-330.246,805.892,2899.94
17.8507,-14.6514,9.89589
9.14636,-4.24844,16.0718
-19.553,-10.9419,31.4719
700.671,1067.41,784.947
14.9347,-196.161,59.9525
182.126,-268.558,898.826
-0.297301,46.3171,37.0667
-402.829,-118.626,412.707
5.36867,-94.2623,168.637
474.806,-506.934,491.38
-56.9079,-4.11162,296.19
46.5713,7.94067,243.601
-33.626,17.7151,75.5587
0.436624,-2.89565,9.51282
-5.95164,236.358,264.323
617.617,353.953,539.654
-865.823,194.514,1085.34
587.035,392.821,552.237
102.258,222.742,545.342
-18.937,-14.8397,79.6
-102.635,42.8865,292.955
-252.942,316.25,439.008
135.874,-514.932,783.53
3068.08,683.399,156.013
0.82252,12.5679,4.86172
-5.14947,34.1469,40.4791
-231.78,92.6275,560.264
361.145,473.444,654.679
-218.85,708.658,1151.54
-294.549,42.8663,305.017
-335.855,-2055.49,820.597
487.312,1288.21,703.78
448.027,-116.284,324.533
175.319,197.21,512.166
271.308,-93.2773,407.897
-674.502,65.5534,717.299
-22.6126,-29.7966,46.6122
1163.47,-945.676,516.228
328.548,549.511,664.105
-35.8179,38.406,81.5874
47.697,94.871,81.8327
2.41575,0.982185,2.4586
15.1505,-5.29055,3.21201
-569.115,-100.426,737.287
-714.563,397.71,1762.3
-54.815,-273.121,595.578
215.783,20.9467,244.914
-401.202,-154.527,1185.63
-360.661,518.298,126.06
-827.446,1967.49,2014.24
70.6415,-113.14,148.702
-303.823,-116.906,486.118
-3.15129,-16.3046,276.086
1285.14,-597.065,2417.85
-102.991,47.0699,244.808
-11.4415,-3.45575,19.7701
-33.2718,68.3575,9.40646
-60.3265,110.078,200.364
-1030.04,-644.896,259.111
-63.9533,-108.217,902.157
50.4011,99.5596,47.5806
266.927,-13.9432,282.026
-6.97845,731.097,1136.49
-292.025,1082.41,765.855
-214.344,446.664,865.406
-1014.49,-237.534,1217.64
188.548,-2.44574,94.3785
589.151,414.188,477.615
0.306539,-0.637387,2.52225
22.4929,-74.2558,16.7643
19.0942,-858.222,773.425
344.885,-154.78,593.803
-126.661,60.3323,102.915
-6.02245,-239.405,250.355
-316.488,2.79315,103.322
-98.3617,-299.783,301.222
-11.0837,63.7172,120.9
-10.3018,-5.06714,39.1356
-292.214,-742.183,2282.48
519.099,-70.4661,829.919
-259.802,-9.27049,315.8
-360.382,89.4597,76.0917
-100.565,-273.795,383.22
-8.68902,-25.7697,132.941
4.83943,156.64,137.56
-106.969,-231.723,444.919
2330.18,3.99195,772.33
-34.0105,-49.148,316.249
5.43896,55.5456,103.799
-557.575,44.5948,639.902
-2276.08,797.418,502.115
-539.457,378.252,2341.93
-241.209,657.422,1237.52
2.4567,0.791288,2.8832
979.597,910.729,1408.02
2.38542,-89.9643,857.352
1430.29,1134.9,1051.97
105.165,104.719,142.395
200.734,-118.582,212.041
-361.292,-278.085,1028.78
10.309,-1.39263,11.8904
-267.129,175.992,360.663
26.2316,20.4999,67.8033
195.548,186.115,621.249
-2.82081,-5.24961,10.9914
-880.675,1644.43,396.948
599.106,-1714.13,532.361
52.3224,-10.495,83.8888
57.9013,-59.4571,77.7442
292.263,-53.9292,226.004
-11.8452,42.4387,86.255
-670.329,-299.443,1226.53
-69.735,-164.345,164.746
-219.203,308.081,485.738
229.868,1.5089,395.809
8.12762,8.77246,24.4172
8.95996,-13.4102,16.056
495.765,643.67,615.629
-1129.87,-320.101,864.139
174.148,-82.687,222.476
-451.221,283.313,508.644
229.853,-486.794,1270.9
1.40111,4.35073,8.62374
-24.0511,2.00545,37.0477
500.847,114.703,448.142
-32.5284,14.8452,44.1809
-40.0123,-37.7044,43.8652
-377.322,907.808,241.53
-0.100466,-6.96324,13.2902
-19.0968,-21.1286,19.8315
92.7995,-229.151,340.692
38.8439,120.037,259.531
549.121,372.986,109.131
399.397,552.64,665.488
824.702,-1302.65,1860.83
-1522.27,513.392,753.169
-885.431,480.374,856.447
15.761,-109.031,165.203
29.4736,-337.665,790.016
302.728,-875.136,2303.5
-51.9476,-90.0338,328.463
145.086,12.9343,147.643
464.412,-113.602,362.303
-57.1812,5.20907,12.7665
-390.318,327.707,588.177
-238.097,-34.262,53.4326
-259.961,-78.854,214.699
1577.15,27.388,562.678
-206.382,-572.887,687.334
2303.58,697.885,1758.06
91.4408,-689.78,343.79
-71.2856,34.3469,337.313
-218.389,-222.548,193.964
-142.413,-13.3263,275.65
-320.26,70.7759,871.484
374.788,-465.692,1422.68
114.017,-238.578,102.53
36.1335,308.347,80.6445
-409.347,92.4706,265.35
750.391,1625.85,628.723
150.968,232.839,253.089
94.4033,439.801,850.023
10.9115,-4.21114,12.7271
-631.845,293.31,326.325
62.5776,12.8903,165.944
-1.98706,21.9275,13.5385
-12.072,11.3215,21.8908
-1108.04,2428.55,239.518
193.615,-94.9921,108.846
-448.999,-273.537,135.014
-845.409,208.81,622.516
-55.0163,-39.7292,101.269
13.539,-30.4493,22.403
321.268,192.697,401.937
-281.654,-1003.03,1485.52
-263.546,-460.614,670.739
442.195,-600.704,437.496
-2.67744,11.5328,94.5991
310.849,-812.94,458.383
-688.28,-590.896,378.622
-483.087,277.932,481.36
-379.152,961.935,283.293
225.965,-315.379,162.139
-507.407,-27.1523,601.904
-51.9275,-40.2447,37.9563
10.2528,-7.34883,54.9427
-83.4682,68.3809,113.024
-20.5192,40.1179,40.0814
20.6836,-231.758,183.543
-620.978,81.3642,243.461
85.6183,-160.491,300.651
-95.2178,94.8755,27.2416
-155.981,24.8984,612.187
241.152,-298.52,288.438
549.514,-242.593,163.188
-2.87912,-6.32325,19.7704
46.704,509.562,144.701
7.8789,-3.8464,2.62246
-766.793,-881.052,484.594
-282.794,-118.825,398.63
-9.38309,40.3391,6.27757
81.5984,-67.9651,91.2571
30.2928,-2.68304,27.6217
-801.698,249.01,861.202
200.792,-238.708,91.2459
-0.219778,0.26378,1.04914
70.5256,-170.081,477.191
-51.9036,150.514,419.895
-288.574,14.8426,107.646
-10.9267,-100.178,122.87
912.669,-1488.14,2393.14
36.6477,20.6083,368.397
4.93518,-0.391281,4.17182
-576.261,170.4,616.906
-545.627,-13.002,269.114
-24.8607,-327.75,441.024
-0.245983,3.52456,2.97755
-248.905,841.707,832.461
115.864,-6.0244,170.194
438.612,-137.468,370.579
47.0268,19.3552,41.6416
-206.764,1586.52,1414.59
-27.3867,85.6473,360.885
-20.1905,15.0327,11.2738
444.534,612.56,2260.71
19.6505,-58.7303,75.498
404.981,1245.01,581.67
-1.94708,-19.4058,5.77696
-221.041,323.183,416.999
266.732,-325.6,147.191
-77.1111,48.4844,56.0937
-103.362,18.9457,316.577
596.677,-431.783,261.216
5.7654,-10.515,7.39435
-99.841,-13.0461,113.312
-140.692,-33.4173,232.472
-144.172,474.305,218.665
1.83893,127.525,56.0954
-463.924,180.736,493.154
308.166,496.231,1568.3
251.869,-24.9555,158.537
-707.642,246.643,1122.05
-79.154,184.651,946.871
390.977,-442.207,621.013
-319.755,299.75,245.9
299.411,480.855,808.506
-1639.95,1166.56,1491.46
-13.9016,30.3331,85.671
27.669,-170.238,123.118
-409.047,-176.95,596.009
21.3631,-75.1974,181.603
-36.2829,91.1172,174.51
82.086,-31.7506,47.2177
-1390.58,-117.458,596.659
540.586,-1106.6,622.159
97.1097,73.5817,98.7969
-11.3986,2.46442,36.8021
-95.0915,-4.80311,46.1779
783.656,363.842,487.036
278.202,183.048,1045.04
-522.23,-611.676,898.831
784.876,-2649.02,1165.47
-14.5137,2.66311,8.4371
174.565,272.894,651.898
-145.289,-123.404,88.005
222.789,603.044,2149.63
-11.8109,27.3221,71.2479
262.042,243.993,352.064
-16.5281,36.6979,111.607
-112.014,-64.1505,62.5566
-269.271,286.512,181.175
-1917.73,2042.6,973.736
2.60553,29.3808,37.5952
17.0401,20.4999,11.4845
-602.09,-779.93,1125.58
103.831,-69.6562,124.846
42.9038,179.277,140.903
382.089,211.44,707.582
-38.9774,-104.838,104.481
-114.824,115.416,242.716
109.799,-142.491,1320.38
-43.1805,75.8178,17.6628
-132.348,-197.173,378.43
33.7217,40.0453,91.211
-109.434,-100.43,270.67
-1.96107,-54.3161,51.9188
311.922,-661.435,1085.36
16.2067,87.3135,81.7504
-23.452,-10.173,26.7995
10.3371,22.441,17.1133
-3.92442,9.70694,75.9858
-154.616,-244.31,145.419
135.61,-94.5477,927.564
202.973,-347.896,751.728
-33.8187,230.239,677.067
418.335,-255.459,725.109
635.932,-642.568,615.174
262.26,-674.839,533.709
8.75387,-2.40351,17.276
1274.94,-711.013,856.807
460.167,347.477,633.16
-1204.78,-606.252,1100.87
17.966,-287.551,883.031
-24.109,79.9102,25.4782
0.218714,0.628821,9.11767
-6.05226,-13.0784,2.51392
55.1919,241.115,611.116
-89.3153,114.809,266.34
84.964,-66.3621,34.124
458.331,103.144,242.234
-34.8152,-125.456,331.843
-143.118,275.586,1264.3
-104.212,617.63,1715.25
-405.982,196,620.497
36.6675,170.242,940.838
-312.172,198.334,798.962
553.231,-743.243,319.664
-1821.12,583.469,1768.84
-89.2806,327.065,117.809
-0.389219,13.1818,4.33698
830.791,-1757.27,1224.9
-403.73,-546.376,235.253
1087.61,83.7634,825.975
18.16,18.189,16.6613
0.392742,30.4561,19.2777
-909.79,1021.23,1302.6
-301.571,-448.918,536.922
-26.9548,99.0623,111.648
-21.757,-19.9309,137.686
479.65,158.629,432.506
17.844,1.96849,37.2256
23.0118,-20.1432,12.9458
-207.766,-148.99,2103.24
-10.9521,2.76787,4.23932
8.51724,191.483,1481.02
-146.441,763.615,122.516
-115.152,31.6173,663.116
107.868,-0.177288,88.5642
-356.074,1259.12,1047.91
13.8166,4.65758,15.6856
-111.427,-232.897,305.011
102.445,101.484,724.547
525.557,479.804,399.354
1417.85,1200.72,998.074
-80.0296,-1438.55,2206.92
93.9407,-30.6545,26.608
1980.79,-808.417,1604.33
6.62355,-49.958,16.7044
-182.513,-360.693,1238.85
37.495,17.573,60.5407
-440.306,-168.986,182.719
772.447,451.249,1647.33
-382.836,82.5113,575.042
59.486,153.864,436.378
-249.132,2563.79,1460.7
530.069,-183.459,878.787
-0.96164,-15.8081,253.169
-1035.34,1564.49,411.818
-176.719,-491.102,1267.05
855.541,176.89,1362.14
1260.86,-33.2749,603.422
-240.321,6.12236,1086.55
-176.986,-100.974,254.039
7.55561,8.39881,33.5225
-9.6729,7.40267,20.1658
-33.8413,-45.3483,5.2844
524.484,35.1532,147.169
8.69901,-538.217,763.295
285.188,-199.54,377.527
-588.324,-832.133,1825.1
-841.484,-126.883,836.338
95.9188,-163.27,37.3389
-122.916,344.946,371.577
-1027.29,663.284,919.475
-4.35589,1.1265,4.93784
14.3501,-8.20294,106.306
122.02,134.782,178.258
-134.287,-97.2689,163.316
41.8472,-4.48383,40.9354
-617.55,-1711.27,1977.59
349.677,-279.67,461.029
-146.314,349.76,189.935
-506.704,165.085,105.183
288.786,-217.934,519.834
1103.3,890.039,757.646
-26.645,18.9338,54.2498
669.689,448.371,889.15
592.42,17.1809,930.373
-105.574,-157.249,126.65
202.78,407.508,958.765
-7.48,-24.8283,47.9659
13.3334,-15.388,11.9244
126.432,39.2325,51.8784
-140.529,-97.5054,1144.45
419.738,508.275,946.858
-35.2302,-204.87,82.1051
-77.0504,-34.6024,143.49
-37.311,-419.899,659.296
104.42,-157.108,538.713
-2456.95,-363.36,870.148
-26.0372,289.457,1070.25
-7.35195,-1004.33,1137.56
-1801.39,479.311,1880.08
76.9409,285.737,565.696
1.7177,-2.67597,1.74498
-36.296,-114.358,115.605
-429.038,-583.672,1113.09
418.766,554.955,436.175
1809.97,-466.55,1298.57
301.58,-447.171,421.041
837.852,205.285,500.32
15.2813,-22.974,31.3099
-141.15,961.587,205.287
-24.6143,-19.4063,23.146
50.4112,-42.6652,342.588
2390.54,-1269.74,238.597
207.554,514.714,1053.61
569.987,222.598,389.687
5.54582,-5.59318,351.168
-413.404,-2211.9,2001.5
345.215,-149.651,439.482
-2551.48,986.805,634.153
-7.52286,-45.7333,261.582
-120.16,-168.009,338.306
-71.7107,-192.347,367.392
-238.6,305.255,336.83
287.881,-567.135,703.935
1455.62,1140.32,791.976
-119.325,-331.35,491.784
-473.396,-93.2616,559.411
71.5664,264.536,289.563
884.303,530.015,628.206
-535.679,-333.871,1554.05
960.679,-525.59,2713.47
-12.4203,422.161,963.315
267.582,275.997,541.123
-387.801,80.6369,247.392
-128.668,186.569,254.603
69.8334,223.007,84.0212
250.467,-167.498,152.888
-187.962,22.1244,199.817
428.061,-248.136,281.333
63.0972,372.165,516.857
-349.324,117.594,360.896
-134.733,-1985.04,1074.7
25.7635,-48.6619,50.6012
90.7667,-24.8355,95.2522
335.255,-150.165,314.44
266.572,-286.878,444.065
-2324,1078.54,1472.11
-140.123,385.256,552.561
-1164.15,-927.669,991.26
-335.333,1053.45,1271.94
-19.2641,-15.5463,75.2798
82.3672,-10.2876,74.7293
444.197,-408.262,408.57
56.8003,-35.7639,29.4522
784.73,1910.26,2262.83
-24.9987,856.014,539.654
60.562,-45.8271,149.925
6.88626,3.57119,8.54666
108.17,-29.2531,176.024
-84.7579,-104.451,219.524
-1542.44,694.085,733.249
-51.9169,89.9689,74.2143
-42.9391,-192.181,97.3459
-46.2143,-45.7733,42.7342
88.4545,-86.1261,88.3198
2.93824,0.815113,14.4604
-235.326,55.3053,178.01
-16.327,28.195,481.585
1258.28,1155.92,978.54
-672.446,-122.554,1219.3
-147.317,282.886,804.895
67.3083,-456.717,588.718
-472.365,1533.1,490.583
475.891,251.58,672.527
58.8728,762.477,288.734
8.65151,-1.43479,3.30605
-18.1876,-15.3836,25.0574
-48.7245,-39.3923,273.191
332.487,-448.787,568.09
-462.528,754.774,647.72
40.7969,-37.0392,82.9318
6.70646,29.3537,55.8679
-120.351,-43.3423,85.6251
39.7174,49.5887,289.548
2.35261,2.52603,4.77212
31.3455,108.564,14.132
7.92358,-0.924231,17.502
-17.9566,-34.6038,68.6237
-208.688,14.1338,1044.71
-576.526,53.6685,998.404
-6.694,-8.29045,34.0718
-283.034,-318.982,569.894
-109.428,49.0151,68.934
4.87012,224.793,169.374
-84.4446,197.69,253.324
-59.9914,54.2312,44.8836
4.95761,21.3569,8.48475
1455.53,148.756,1476.31
473.058,-1289.02,840.541
-359.084,-155.231,1159.29
-590.851,1202.13,109.817
655.783,-63.4825,858.846
7.29515,-32.6627,45.9091
-249.987,-135.603,953.376
-1409.67,-151.665,1958.3
765.998,221.371,909.18
256.512,924.083,2395.65
-91.0013,80.2158,267.488
874.732,190.451,823.822
-14.5199,51.59,40.7336
531.788,-985.331,285.704
329.885,-60.595,147.802
987.567,704.004,1192.53
-55.5914,-45.9284,114.222
1.76011,-208.519,891.83
82.5839,131.642,451.262
458.454,-8.27235,1456.89
523.59,-142.713,593.893
-18.9102,10.0948,87.4792
-356.013,-542.879,854.653
-732.314,-86.6346,795.748
3.15474,-29.9039,37.7532
133.145,-99.6789,165.212
217.497,-307.49,701.955
86.3985,-220.677,503.408
-0.178449,2.15596,6.68278
-0.00419232,-1.98715,7.97176
1038.99,-467.279,1807.82
1055.58,-400.785,1277.17
-39.298,11.9789,105.095
-447.947,-438.148,619.937
-38.8328,-1179.46,949.681
6.29084,-6.80649,6.12675
-254.091,520.039,575.85
4.27153,-5.29836,5.94498
37.695,-51.7828,51.7866
1318.44,-681.77,976.336
-3.77183,-28.0856,20.0447
-1729.61,-808.895,1560.98
-12.2319,-10.3642,51.2664
6.3521,-6.90147,30.9146
-24.9517,5.20643,12.8699
219.069,-122.434,2952.23
0.0451131,-1.76698,1.42582
-256.379,-59.9507,524.05
-704.671,-354.91,2457.97
-759.643,150.078,555.784
55.2995,375.911,268.746
-23.8069,24.5718,9.93028
422.779,-246.839,596.025
185.675,423.958,1281.67
700.416,-273.446,1201.19
-0.96083,4.63712,2.1552
-47.2993,-18.5387,47.5017
403.648,94.1529,780.288
35.7575,-114.709,104.502
-148.843,-1046.02,968.318
-17.0116,-21.5633,391.078
599.633,701.129,790.452
14.1941,1.8456,19.3374
-85.3912,596.982,537.707
-3.25313,-2.26468,3.13498
2.96052,4.85254,20.7508
-65.2582,134.937,72.0528
-545.202,-337.051,611.998
2.64363,-7.34491,6.24735
-31.9584,-267.745,1196.6
-42.6536,-41.21,54.9066
43.6136,-103.475,909.085
57.9605,-144.789,396.048
81.8416,126.068,300.817
241.563,424.027,523.792
160.433,142.248,483.934
-31.7115,-102.961,63.2764
345.912,-43.7267,338.702
-230.989,123.901,425.647
-203.226,157.169,485.664
1778.97,539.002,2052.47
-2138.74,807.859,485.786
46.0505,-24.4909,100.251
170.655,-270.514,258.28
525.643,-844.731,288.735
-46.7138,7.10904,32.5145
289.967,-543.401,832.674
-170.153,-25.5981,336.333
85.6683,40.7228,61.1658
-16.2823,50.4525,72.9338
286.667,304.539,1228.92
-125.377,-378.199,507.316
501.433,268.046,702.064
-10.3712,12.4978,3.93419
53.1693,293.119,722.779
2.24959,37.1252,44.7442
-5.2219,-38.4893,28.6486
26.7914,-31.0208,151.148
-41.0187,-34.6627,102.134
411.108,495.537,213.148
-365.658,374.464,908.918
10.6376,457.631,810.535
-1726.98,235,2057.68
291.251,57.1914,405.002
124.525,-120.423,356.644
38.4405,-787.944,603.003
-2.80994,0.29745,1.95776
1450.84,459.941,1535.46
9.54839,0.0661687,64.3379
-376.973,195.662,577.683
36.2635,-27.2462,531.907
131.597,-171.359,353.651
-196.431,-205.719,280.109
6.92918,-7.44812,9.25897
260.288,221.83,1239.29
95.3864,4.76985,66.9372
-625.774,-20.0671,744.476
407.63,-151.858,77.6079
-6.02882,1.8217,10.7311
-1288.21,1104.71,1722.11
356.047,-405.352,50.7038
-64.785,176.497,244.022
321.782,1031.99,476.705
-2.32676,-1.12534,10.5787
2165.95,-307.081,954.806
142.792,-689.249,1610.67
263.084,622.753,1506.28
506.522,358.208,594.197
13.4367,-2.49713,19.7422
12.0435,7.98349,53.5742
-26.4711,31.063,23.0626
-1384.94,336.852,564.247
7.26083,16.6724,9.48832
-216.858,-165.692,263.718
1.25406,-3.70614,4.5862
6.81988,0.838081,72.2031
-4.46037,-4.86374,14.3717
-8.04883,2.43774,19.9018
-48.7498,21.7396,186.87
174.638,33.4425,1448.39
-46.9024,-16.1064,31.6285
-474.179,404.826,796.182
-472.197,-176.182,238.435
1056.43,737.839,955.935
-149.847,86.08,889.65
425.665,-763.564,675.007
335.416,114.97,802.087
174.333,258.281,704.304
1.72269,-11.9272,39.655
76.442,13.6198,103.585
359.186,10.8946,650.943
-90.0798,-126.002,991.823
269.364,-529.396,812.521
-40.1298,-16.4733,42.5303
-611.61,241.644,1132.67
-295.056,-176.985,498.199
503.72,6.66234,810.41
-214.932,-278.431,1344.79
-668.416,114.395,715.475
-55.5579,-84.7449,332.936
10.3271,-10.3664,12.899
-2.38581,-7.16571,14.834
-4.99591,-15.9977,40.9366
-19.9449,-20.6047,31.7635
274.938,-406.49,743.348
-343.576,-255.301,1105.67
30.2084,-81.6225,88.7662
217.886,66.0802,221.956
1628.66,-206.104,2019.96
-9.29252,-192.473,361.168
-320.618,177.548,418.308
-66.3698,-26.335,613.842
-382.276,272.994,386.804
-42.4433,-31.0282,79.2485
344.183,-97.4335,233.559
-541.94,-403.466,1532.16
182.184,-99.9302,388.615
4.48387,-1.61988,1.42289
-3.76136,-154.027,781.129
-40.0236,208.271,421.017
202.934,23.3333,613.563
31.2605,142.424,927.072
1180.41,-839.763,2260.7
-16.7911,32.179,72.7765
-120.763,137.166,372.664
-402.723,246.393,186.508
39.4972,54.2462,50.677
-728.625,-1480.2,1722.08
234.876,65.0082,677.024
-48.2124,-18.6451,52.1342
-4.55232,4.49518,39.8261
72.4222,164.12,94.1802
-595.049,103.039,487.499
270.058,-195.834,433.336
-497.552,-233.145,1515.64
-291.972,580.184,1606.98
-6.89086,10.1675,21.1465
-356.662,-60.521,207.65
64.8602,-35.7947,37.2809
128.836,276.194,342.152
483.13,-149.564,1240.21
222.849,-248.411,141.421
-164.387,236.111,425.12
-2.64071,-13.2409,27.3304
-66.4391,234.174,534.016
-133.313,127.729,398.786
-16.3795,123.776,367.332
-69.5967,-12.9699,228.648
183.046,93.7602,122.068
-1342.96,40.3816,795.304
-888.065,-699.636,836.636
10.763,-80.9194,80.1752
85.4379,-121.08,118.049
-1301.32,-1399.63,1323.18
-60.2595,71.6718,121.671
-337.518,-809.821,528.131
334.993,931.991,446.591
19.4492,-43.5656,65.711
53.6177,36.5557,238.084
6.22499,-15.997,45.1316
405.333,117.242,947.197
1946.57,-259.404,1522.78
-198.306,-30.1949,241.8
80.9695,191.388,370.285
17.357,-15.4468,19.7494
121.234,-31.1555,325.636
-0.620812,-2.08941,1.45779
368.535,21.6769,2016.06
-40.7671,-74.9521,142.47
-1285.85,926.979,1482.9
-25.8789,-268.187,472.537
36.2358,11.2093,24.0415
-528.294,-486.744,284.72
284.237,-36.2691,501.955
-458.267,-6.15226,248.036
-545.914,-165.662,1413.07
-225.255,-467.763,1506.86
-98.3722,-19.7969,56.6856
-534.642,291.111,343.396
84.899,166.95,753.361
56.4557,50.9054,198.502
1015.91,-953.806,1008.98
-0.10294,-200.178,222.969
7.04139,-110.767,138.84
2.57149,5.41223,4.60631
21.9179,-4.69936,36.6168
-523.375,1326.97,865.661
-139.888,-171.292,360.696
-74.4183,-124.758,123.507
-109.101,-89.0924,506.776
-5.07846,94.9712,50.9567
-48.1288,-226.948,308.268
-500.184,-1184.29,459.808
-0.372304,41.7934,107.983
85.1543,-41.4434,95.7017
-831.514,437.181,543.966
-144.231,225.349,1046.84
-230.838,361.15,324.697
-240.048,-9.06838,397.603
-344.97,-40.0037,364.918
267.272,-439.944,600.782
-67.0828,-6.62956,242.293
317.992,-73.7899,134.626
228.24,858.144,478.713
-512.946,213.451,826.808
3.24665,-14.9057,4.85095
-144.417,116.848,1078.16
3.66764,292.76,80.6861
114.911,568.03,1286.24
-57.3948,862.143,941.019
-61.4095,-28.3368,79.4491
-81.7522,-79.1202,114.897
-2281.6,-108.665,1426.05
-25.4597,1.2928,52.7352
-899.008,378.928,1375.11
-126.873,110.067,242.843
8.67391,-6.06078,17.5069
146.048,326.924,579.639
-232.349,87.3252,346.023
-94.6891,-363.696,680.87
452.818,-56.3554,638.633
-301.157,-2683.88,1343.29
39.9143,-39.5854,23.9003
-42.0417,329.479,594.352
3.01424,0.210812,24.3336
-193.721,-152.018,553.766
437.437,-656.671,838.879
-231.266,-127.369,672.679
231.001,24.8043,297.786
929.006,341.816,700.628
21.3899,-64.3539,72.8505
37.3982,22.181,494.356
-57.3703,10.6362,57.0222
-107.242,20.4289,29.1887
-1.1737,2.41587,3.3835
